id,per_square_meter_price
COL_289284,46470.71
COL_289305,42628.26
COL_289318,49269.383
COL_289354,78951.97
COL_289399,50292.527
COL_289428,38058.367
COL_289460,51957.297
COL_289493,60973.633
COL_289495,52751.79
COL_289749,45459.664
COL_289763,226943.25
COL_289778,50341.395
COL_289801,37952.484
COL_289971,41317.7
COL_290143,53511.508
COL_290169,64920.492
COL_290252,32604.725
COL_290336,30723.277
COL_290398,32245.555
COL_290403,49859.508
COL_290431,36381.3
COL_290466,50018.0
COL_290486,57530.297
COL_290497,31812.625
COL_290510,45321.39
COL_290559,43613.426
COL_290600,85716.4
COL_290602,87275.4
COL_290716,44101.645
COL_290717,30543.74
COL_290876,49548.71
COL_290966,39755.35
COL_291008,33564.574
COL_291021,111427.89
COL_291043,70780.44
COL_291190,58109.582
COL_291192,50992.69
COL_291274,45367.81
COL_291284,73047.36
COL_291397,37996.22
COL_291450,54774.36
COL_291738,67168.125
COL_291740,38853.02
COL_291825,37474.273
COL_291900,50921.32
COL_292045,71178.36
COL_292135,44578.2
COL_292258,44723.098
COL_292275,30086.992
COL_292279,55734.734
COL_292364,51036.06
COL_292417,39403.41
COL_292421,50986.26
COL_292501,51089.01
COL_292654,88327.74
COL_292906,50629.89
COL_292926,26504.676
COL_293123,51010.66
COL_293135,36625.707
COL_293496,49980.637
COL_293497,48089.008
COL_293588,192190.5
COL_293614,114685.695
COL_293631,79161.57
COL_293703,36208.15
COL_293773,34245.25
COL_293780,50161.723
COL_293783,29637.203
COL_293826,42541.414
COL_293889,102686.64
COL_293952,50876.145
COL_293956,37510.727
COL_294068,81968.56
COL_294101,60572.367
COL_294115,46079.44
COL_294143,45025.617
COL_294200,52815.016
COL_294245,33424.33
COL_294261,27101.65
COL_294293,53132.453
COL_294300,59375.703
COL_294350,41109.54
COL_294488,48955.227
COL_294525,53094.387
COL_294553,47512.44
COL_294558,44639.484
COL_294593,49320.344
COL_294691,61942.17
COL_294716,38355.89
COL_294729,52098.527
COL_294785,58078.645
COL_294917,63142.35
COL_294951,31228.93
COL_294975,42685.69
COL_295255,31658.512
COL_295327,23903.52
COL_295509,39714.45
COL_295595,55380.29
COL_296322,41569.562
COL_296509,26985.133
COL_296521,178523.22
COL_296756,36804.49
COL_296901,50807.5
COL_297293,36575.746
COL_297324,42055.617
COL_297326,51895.86
COL_297329,40421.52
COL_297441,47648.47
COL_297472,39177.64
COL_297631,63019.133
COL_297815,81149.24
COL_298020,38368.12
COL_298046,62983.855
COL_298052,36059.688
COL_298055,103335.95
COL_298064,59180.125
COL_298075,61135.82
COL_298099,41545.258
COL_298101,73154.28
COL_298102,52794.34
COL_298103,52935.156
COL_298104,52256.15
COL_298261,57332.7
COL_298459,210066.6
COL_298471,38180.72
COL_298481,56475.93
COL_298516,59495.4
COL_298532,41722.344
COL_298539,41520.57
COL_298593,238096.03
COL_298719,37857.61
COL_298724,48120.637
COL_298733,38785.117
COL_298817,75974.9
COL_298837,50631.117
COL_298968,279740.0
COL_299209,60626.5
COL_299221,237621.84
COL_299361,42601.504
COL_299366,60313.906
COL_299450,100266.62
COL_299454,46873.555
COL_299455,79995.13
COL_299459,71092.8
COL_299464,37805.098
COL_299468,60209.625
COL_299486,45344.195
COL_299491,79438.91
COL_299497,73897.89
COL_299499,54863.3
COL_299501,81516.945
COL_299540,45827.684
COL_299615,52525.53
COL_299659,141721.61
COL_299678,157011.6
COL_299795,48821.867
COL_299818,43271.254
COL_299819,77283.96
COL_299820,78886.06
COL_299960,60785.15
COL_300095,70076.39
COL_300108,188273.56
COL_300125,26538.434
COL_300144,223656.9
COL_300225,47567.844
COL_300305,265098.5
COL_300423,35669.594
COL_300491,39151.992
COL_300562,33914.977
COL_300747,37955.176
COL_300816,56451.68
COL_300942,48479.29
COL_300959,41604.53
COL_300962,48730.883
COL_301220,38461.195
COL_301285,53815.707
COL_301290,62450.34
COL_301303,84209.664
COL_301367,41219.156
COL_301368,48100.066
COL_301378,87756.29
COL_301401,53583.266
COL_301444,44714.703
COL_301445,52734.17
COL_301574,78795.375
COL_301649,37321.3
COL_301669,51847.523
COL_301670,42833.883
COL_301679,54879.688
COL_301709,29155.848
COL_301757,197343.08
COL_301819,40002.273
COL_301820,40959.33
COL_301821,42035.13
COL_301822,41498.895
COL_301823,40793.992
COL_301843,42060.793
COL_301976,59092.125
COL_301986,40566.086
COL_302097,54085.35
COL_302111,87487.5
COL_302139,43898.56
COL_302293,39549.492
COL_302294,43660.6
COL_302428,46676.074
COL_302465,42376.207
COL_302497,59400.28
COL_302548,38540.234
COL_302597,32120.273
COL_302726,50514.85
COL_302745,52322.64
COL_302873,41644.48
COL_302926,45188.973
COL_302986,52830.12
COL_302987,45909.88
COL_302994,59054.926
COL_303002,73345.86
COL_303004,44890.58
COL_303007,33901.676
COL_303069,51537.793
COL_303147,29320.633
COL_303265,43118.527
COL_303285,74703.09
COL_303366,37285.41
COL_303405,73807.89
COL_303564,44223.71
COL_303569,32184.629
COL_303618,86937.41
COL_303623,58941.14
COL_303624,58933.586
COL_303625,57117.203
COL_303626,48678.15
COL_303627,40738.11
COL_303637,29973.016
COL_303638,29415.234
COL_304041,51668.9
COL_304147,239191.5
COL_304255,233290.45
COL_304280,55778.676
COL_304320,43504.47
COL_304322,49806.062
COL_304323,34894.215
COL_304324,30217.223
COL_304325,34041.47
COL_304367,39029.145
COL_304546,48206.848
COL_304550,75441.74
COL_304552,80055.5
COL_304561,47477.582
COL_304585,83970.6
COL_304853,94271.89
COL_304902,35601.4
COL_304978,56025.29
COL_304984,37639.5
COL_305002,39888.695
COL_305017,65453.047
COL_305038,34767.6
COL_305057,36422.99
COL_305058,37920.527
COL_305059,37689.184
COL_305114,330429.7
COL_305373,49563.6
COL_305382,76719.664
COL_305383,73880.555
COL_305384,77660.984
COL_305385,77634.63
COL_305386,76905.09
COL_305387,77430.28
COL_305388,74959.484
COL_305413,53480.797
COL_305607,52300.543
COL_305652,50209.586
COL_305726,178902.66
COL_305896,57923.37
COL_305924,38557.6
COL_305926,38390.844
COL_306033,106942.49
COL_306088,57496.453
COL_306141,35066.414
COL_306143,47340.44
COL_306144,49310.914
COL_306151,56203.582
COL_306153,48499.492
COL_306154,49972.652
COL_306155,43195.543
COL_306206,57048.902
COL_306621,43963.473
COL_306728,55291.867
COL_306758,48100.113
COL_306763,99153.625
COL_306803,47161.785
COL_306853,44573.82
COL_306892,41888.81
COL_306938,86577.61
COL_307001,53269.33
COL_307043,54275.258
COL_307158,47984.61
COL_307269,55872.914
COL_307356,51850.586
COL_307480,40902.523
COL_307529,49355.727
COL_307623,41322.742
COL_307819,41616.457
COL_307874,45129.746
COL_307945,82627.984
COL_307986,85377.45
COL_308206,49908.82
COL_308211,36135.97
COL_308429,75736.766
COL_308446,40835.316
COL_308472,52509.285
COL_308486,55265.766
COL_308492,55810.48
COL_308493,54098.508
COL_308743,45688.15
COL_308803,43410.887
COL_308813,67481.12
COL_308963,53050.71
COL_308966,33978.75
COL_309079,32709.705
COL_309121,38180.72
COL_309434,48720.613
COL_309612,42851.902
COL_309635,22450.484
COL_309640,44902.008
COL_309642,36615.188
COL_309784,34070.703
COL_310093,41211.387
COL_310107,41829.516
COL_310164,41507.207
COL_310207,53466.598
COL_310218,29297.344
COL_310311,47530.76
COL_310315,56844.605
COL_310359,49959.203
COL_310405,92637.94
COL_310447,49902.727
COL_310503,47817.215
COL_310570,38466.293
COL_310590,48172.195
COL_310604,46802.438
COL_310641,127640.45
COL_310642,47850.816
COL_310656,315061.0
COL_310722,39508.016
COL_310897,40046.46
COL_311016,28147.666
COL_311017,40814.406
COL_311018,43583.688
COL_311025,31178.488
COL_311026,41712.68
COL_311068,36070.086
COL_311128,43832.785
COL_311187,122611.15
COL_311188,122653.83
COL_311328,268099.47
COL_311348,40209.324
COL_311537,69570.54
COL_311660,39007.656
COL_311665,41813.6
COL_311698,29820.879
COL_311704,218938.6
COL_311870,56057.023
COL_312002,51468.035
COL_312005,172286.36
COL_312006,96823.11
COL_312007,94340.28
COL_312010,111219.484
COL_312014,48132.23
COL_312208,48158.387
COL_312270,52284.71
COL_312284,72949.95
COL_312290,38218.92
COL_312323,57496.562
COL_312335,49863.21
COL_312455,51225.773
COL_312609,47155.453
COL_312628,41571.71
COL_312649,58807.215
COL_312672,39838.08
COL_312673,52577.895
COL_312695,54600.44
COL_312997,305570.75
COL_313006,59927.52
COL_313065,53283.477
COL_313068,55098.125
COL_313211,49403.992
COL_313268,183864.16
COL_313304,45004.78
COL_313352,42303.332
COL_313363,49816.68
COL_313535,81520.01
COL_313559,131134.8
COL_313572,58083.3
COL_313573,58045.586
COL_313574,38486.266
COL_313597,44422.31
COL_313606,50792.754
COL_313694,84875.57
COL_313703,43663.52
COL_313717,109688.54
COL_313789,35363.344
COL_313791,47595.58
COL_313814,71418.19
COL_314054,83130.336
COL_314055,82714.63
COL_314058,81560.14
COL_314069,37026.355
COL_314170,44608.957
COL_314185,57566.18
COL_314186,36055.617
COL_314187,46200.242
COL_314190,68516.52
COL_314196,43106.664
COL_314211,52876.06
COL_314230,51840.746
COL_314308,50481.93
COL_314419,43417.29
COL_314536,45798.688
COL_314628,54946.67
COL_314746,47468.74
COL_314818,54935.797
COL_314821,55039.547
COL_314859,45294.844
COL_314860,33052.266
COL_314899,150663.47
COL_314907,33902.46
COL_314997,34582.58
COL_315015,97461.42
COL_315135,51549.637
COL_315502,41607.3
COL_315578,47636.87
COL_315599,33824.32
COL_315602,40974.67
COL_315621,44823.49
COL_315652,102550.805
COL_315673,360555.53
COL_315724,36645.844
COL_315806,30327.639
COL_315970,60476.203
COL_315976,37525.99
COL_315977,32909.98
COL_316014,37828.473
COL_316015,53796.367
COL_316017,51156.766
COL_316021,49035.453
COL_316022,39615.402
COL_316023,40887.89
COL_316024,49647.125
COL_316025,49705.805
COL_316150,50504.523
COL_316180,83125.66
COL_316181,42982.36
COL_316289,47175.684
COL_316308,28503.617
COL_316323,30763.316
COL_316387,26347.92
COL_316388,26347.92
COL_316389,29944.148
COL_316390,27985.102
COL_316392,25172.959
COL_316423,32558.672
COL_316446,51234.996
COL_316448,50540.47
COL_316562,40592.375
COL_316629,55847.695
COL_316720,57508.54
COL_316897,153901.9
COL_316942,38068.633
COL_317174,45856.67
COL_317405,55777.83
COL_317423,50793.906
COL_317789,41707.855
COL_317930,87294.76
COL_318181,97477.39
COL_318209,71111.086
COL_318336,38414.176
COL_318357,30245.95
COL_318384,33578.164
COL_318425,52192.793
COL_318499,30775.36
COL_318575,81271.77
COL_318696,84704.03
COL_318698,441274.44
COL_318712,55285.48
COL_318765,80253.64
COL_319064,93507.35
COL_319104,44806.875
COL_319163,33842.9
COL_319251,46921.703
COL_319500,43044.844
COL_319542,131244.72
COL_319671,56411.53
COL_319675,65303.195
COL_319987,43873.395
COL_319998,46104.42
COL_320000,46099.625
COL_320001,45948.492
COL_320028,36444.07
COL_320128,51090.973
COL_320171,39201.703
COL_320291,48905.168
COL_320376,79315.14
COL_320430,29484.662
COL_320446,40631.066
COL_320452,35421.195
COL_320470,38268.03
COL_320478,44753.85
COL_320498,48398.742
COL_320518,41415.85
COL_320693,66087.64
COL_320824,58114.438
COL_320905,35922.02
COL_320942,158075.53
COL_320966,80707.75
COL_321061,54217.344
COL_321088,55467.324
COL_321099,92332.47
COL_321128,275660.2
COL_321407,53223.695
COL_321417,58591.285
COL_321427,59066.547
COL_321474,33877.918
COL_321621,36623.094
COL_321670,51067.367
COL_321677,37133.07
COL_321820,57728.97
COL_322106,66484.59
COL_322266,36308.406
COL_322288,99668.984
COL_322290,82489.93
COL_322311,50003.367
COL_322356,109322.45
COL_322378,44522.895
COL_322380,46255.562
COL_322428,74319.06
COL_322436,48100.535
COL_322462,46299.977
COL_322463,37243.61
COL_322511,51321.508
COL_322568,47831.176
COL_322595,49571.99
COL_322623,44631.543
COL_322624,73740.234
COL_322665,68815.016
COL_322676,87889.33
COL_322749,41653.28
COL_322954,37204.297
COL_323025,72787.48
COL_323034,48830.54
COL_323061,51659.277
COL_323075,24449.33
COL_323078,38882.785
COL_323084,45657.348
COL_323247,34593.855
COL_323258,63469.105
COL_323261,69630.18
COL_323330,54981.61
COL_323355,63544.42
COL_323590,47351.32
COL_323647,40373.617
COL_323671,56264.453
COL_323683,268258.97
COL_323882,48676.848
COL_323938,50491.934
COL_324197,163338.58
COL_324268,32299.014
COL_324269,33064.99
COL_324455,78988.21
COL_324459,111304.14
COL_324622,52078.64
COL_324655,37981.637
COL_324779,37727.36
COL_324786,80482.625
COL_324787,77855.81
COL_324926,49901.344
COL_324927,56531.332
COL_324936,36203.22
COL_324940,150484.34
COL_324941,60412.258
COL_325131,101595.19
COL_325182,47534.938
COL_325196,62523.914
COL_325210,44740.703
COL_325348,37607.074
COL_325392,38941.03
COL_325405,63172.64
COL_325545,158331.12
COL_325588,84146.08
COL_325648,86219.44
COL_325649,86739.445
COL_325650,79031.45
COL_325651,87242.766
COL_325652,79833.48
COL_325653,84990.56
COL_325696,98334.945
COL_325699,63183.883
COL_325703,51738.992
COL_325707,78795.64
COL_325847,43515.797
COL_325884,38006.8
COL_325904,54727.406
COL_325905,44887.086
COL_325942,74014.305
COL_325998,93754.9
COL_326043,39126.656
COL_326045,38699.652
COL_326068,48409.125
COL_326108,42542.074
COL_326130,83034.734
COL_326171,45086.45
COL_326268,53654.0
COL_326466,50835.094
COL_326531,41084.785
COL_326680,53435.18
COL_326753,46232.055
COL_326804,48596.492
COL_326997,50764.855
COL_327062,41083.4
COL_327071,27854.686
COL_327138,47168.02
COL_327471,40771.523
COL_327568,34737.81
COL_327627,51355.215
COL_327732,46256.438
COL_328038,80476.42
COL_328039,78562.01
COL_328086,44046.457
COL_328127,62683.555
COL_328128,52888.055
COL_328240,46727.43
COL_328284,49061.3
COL_328358,35113.508
COL_328408,42005.43
COL_328598,44473.008
COL_328785,29653.078
COL_328832,99084.52
COL_328912,57701.734
COL_328916,54505.246
COL_328952,51127.406
COL_328998,37215.824
COL_329153,52734.227
COL_329196,50702.633
COL_329239,83216.09
COL_329262,72954.64
COL_329356,42184.375
COL_329509,81867.87
COL_329554,45815.82
COL_329557,42503.938
COL_329663,38518.035
COL_329708,50494.2
COL_329757,30715.566
COL_329828,56096.973
COL_329829,56937.42
COL_329857,45830.547
COL_330022,52355.85
COL_330075,42873.21
COL_330085,78344.74
COL_330199,60342.74
COL_330234,44807.938
COL_330254,59285.188
COL_330260,67714.195
COL_330277,53107.336
COL_330324,40752.934
COL_330335,38489.21
COL_330474,71657.02
COL_330477,44957.316
COL_330553,89507.7
COL_330624,43499.246
COL_330666,57411.758
COL_331046,65530.625
COL_331047,62808.742
COL_331049,57400.992
COL_331062,110872.71
COL_331205,115618.36
COL_331263,44228.34
COL_331270,45808.76
COL_331278,61013.914
COL_331289,39835.08
COL_331365,45742.79
COL_331412,51637.35
COL_331441,42108.57
COL_331442,41278.043
COL_331466,28618.852
COL_331559,40899.312
COL_331572,47850.508
COL_331601,46393.74
COL_331762,32003.941
COL_332006,37352.46
COL_332433,49595.902
COL_332669,54912.875
COL_332717,34677.47
COL_332726,59017.57
COL_332856,33719.66
COL_332908,116390.61
COL_332909,111764.516
COL_332910,111657.04
COL_332939,52995.746
COL_333190,116317.2
COL_333309,55395.844
COL_333329,37098.875
COL_333350,46893.55
COL_333390,41300.133
COL_333472,51681.254
COL_333473,75248.625
COL_333518,50690.047
COL_333530,76704.234
COL_333545,75498.19
COL_333556,44896.203
COL_333576,37547.516
COL_333736,36449.617
COL_333788,50156.027
COL_333866,32083.723
COL_333867,26953.63
COL_333928,56026.977
COL_333957,54838.945
COL_334037,57854.895
COL_334047,54190.234
COL_334091,80313.27
COL_334183,53716.754
COL_334229,67315.195
COL_334288,146175.77
COL_334468,48089.938
COL_334548,35913.46
COL_334639,43092.023
COL_334741,40846.12
COL_334989,57871.082
COL_335047,65168.633
COL_335092,48691.21
COL_335505,56071.26
COL_335523,40926.566
COL_335574,85407.7
COL_335589,56053.695
COL_335708,47742.3
COL_335714,109909.39
COL_335836,46721.246
COL_336093,46829.918
COL_336095,43153.934
COL_336259,51025.016
COL_336264,43999.22
COL_336267,40849.305
COL_336462,177511.58
COL_336493,55907.35
COL_336495,45964.15
COL_336499,55231.242
COL_336531,45148.555
COL_336685,31894.527
COL_336736,100871.19
COL_336855,50465.992
COL_336874,44347.805
COL_336932,35744.234
COL_336963,143225.14
COL_336967,40635.46
COL_337195,60652.203
COL_337254,92424.04
COL_337273,56583.773
COL_337309,46957.523
COL_337318,50265.562
COL_337346,39741.184
COL_337386,45581.46
COL_337590,35912.895
COL_337593,39671.062
COL_337666,52866.46
COL_337681,43767.77
COL_337895,31823.197
COL_337901,89438.24
COL_337971,47682.273
COL_338002,40017.047
COL_338038,57683.133
COL_338039,53097.273
COL_338276,37588.812
COL_338279,54424.55
COL_338421,32902.754
COL_338506,50766.62
COL_338557,60270.83
COL_338558,53210.805
COL_338559,59338.32
COL_338560,55252.016
COL_338561,55708.285
COL_338562,62425.633
COL_338607,55589.094
COL_338609,53790.19
COL_338673,43354.914
COL_338850,38996.953
COL_338864,52051.098
COL_338944,45254.98
COL_339089,80574.22
COL_339113,37307.38
COL_339428,42689.0
COL_339440,35297.117
COL_339645,38451.418
COL_339657,47007.16
COL_339727,58670.023
COL_339728,58941.875
COL_339729,66816.98
COL_339772,60708.703
COL_339793,48879.67
COL_339822,35045.766
COL_339866,52603.074
COL_339878,97010.875
COL_339889,40266.316
COL_339893,29836.805
COL_339912,80068.38
COL_339987,34750.914
COL_339993,89050.625
COL_340011,79123.77
COL_340117,48864.414
COL_340369,49082.926
COL_340447,64933.062
COL_340462,52371.297
COL_340506,31411.252
COL_340519,51958.957
COL_340520,48360.965
COL_340521,42804.566
COL_340655,128805.54
COL_340657,50073.004
COL_340794,135780.47
COL_340796,52085.52
COL_340898,90212.14
COL_340975,42104.78
COL_340994,60048.69
COL_340995,54557.867
COL_341014,44228.938
COL_341069,154305.81
COL_341070,43473.355
COL_341184,51451.184
COL_341212,51838.473
COL_341220,48946.3
COL_341237,49326.6
COL_341310,49517.38
COL_341351,39240.375
COL_341414,76707.61
COL_341465,43865.383
COL_341487,35609.06
COL_341496,39796.598
COL_341683,40585.965
COL_341692,37399.14
COL_341722,82213.766
COL_341744,45489.61
COL_341762,60912.094
COL_341805,36196.414
COL_341889,42740.93
COL_341936,47573.14
COL_342040,56924.61
COL_342111,54538.008
COL_342208,52285.508
COL_342209,37929.79
COL_342211,50526.004
COL_342212,37973.12
COL_342258,55636.883
COL_342326,56065.77
COL_342405,61543.766
COL_342407,47179.6
COL_342425,55078.938
COL_342426,56471.895
COL_342438,42444.46
COL_342505,65291.633
COL_342623,41357.266
COL_342714,57457.47
COL_342734,37205.38
COL_342947,44568.93
COL_342948,31017.508
COL_343030,47220.56
COL_343036,90291.984
COL_343039,30892.307
COL_343047,51722.65
COL_343070,29998.273
COL_343169,144832.89
COL_343269,46546.695
COL_343324,56371.86
COL_343430,34397.17
COL_343527,34377.22
COL_343636,43221.46
COL_343649,45176.29
COL_343852,43239.023
COL_343866,81338.44
COL_343993,75257.12
COL_344179,46892.797
COL_344278,59084.508
COL_344298,38171.453
COL_344312,57869.016
COL_344350,42235.08
COL_344578,49059.77
COL_344772,44788.875
COL_344807,51334.664
COL_344844,37550.605
COL_344845,44395.133
COL_344887,42952.117
COL_344960,44153.72
COL_344969,268534.88
COL_345017,42187.992
COL_345055,42309.434
COL_345062,82659.57
COL_345102,71861.47
COL_345117,87651.79
COL_345119,74620.81
COL_345171,40683.137
COL_345187,78929.195
COL_345195,203180.08
COL_345287,44941.9
COL_345351,76250.555
COL_345558,41678.586
COL_345594,43518.25
COL_345718,52792.242
COL_345723,41394.477
COL_345736,55776.324
COL_345839,56436.03
COL_345884,31971.344
COL_345971,28457.46
COL_345996,53339.836
COL_346013,185981.31
COL_346015,191760.48
COL_346208,51455.613
COL_346276,43120.79
COL_346296,48174.656
COL_346516,51050.367
COL_346518,44726.664
COL_346522,78113.234
COL_346623,66442.87
COL_346677,122786.72
COL_346698,48513.918
COL_346776,66023.836
COL_346813,50947.805
COL_346829,44569.89
COL_346974,51400.33
COL_346975,55437.992
COL_347000,50194.242
COL_347011,83659.72
COL_347186,57096.023
COL_347284,48392.75
COL_347293,35702.473
COL_347332,51633.297
COL_347353,47431.73
COL_347436,50335.258
COL_347488,38087.945
COL_347618,53716.715
COL_347620,39420.07
COL_347621,46779.914
COL_347634,56954.168
COL_347686,43384.043
COL_347694,38767.805
COL_347737,103063.664
COL_347777,55310.38
COL_347852,50555.383
COL_347970,42098.27
COL_348009,39511.88
COL_348076,81454.58
COL_348077,82792.33
COL_348272,71925.46
COL_348274,53452.188
COL_348275,50172.49
COL_348278,44216.293
COL_348281,58949.984
COL_348383,80424.16
COL_348436,38281.438
COL_348447,35380.555
COL_348483,40826.848
COL_348681,43804.117
COL_348731,45066.805
COL_348733,53979.242
COL_348757,52020.992
COL_348893,45829.78
COL_349002,198303.8
COL_349029,59877.11
COL_349110,42533.715
COL_349213,44507.047
COL_349214,44012.363
COL_349215,32914.055
COL_349216,44365.85
COL_349601,34067.75
COL_349602,41556.21
COL_349643,32725.37
COL_349719,59002.87
COL_349774,38298.133
COL_349777,35751.867
COL_350115,41817.125
COL_350169,36759.195
COL_350175,74913.984
COL_350245,46297.406
COL_350246,51838.94
COL_350338,50992.27
COL_350353,40918.54
COL_350357,51541.344
COL_350456,39845.043
COL_350457,34701.984
COL_350458,47655.035
COL_350459,44236.695
COL_350476,42084.832
COL_350497,215195.47
COL_350564,215253.48
COL_350594,56412.508
COL_350743,41442.004
COL_350761,99175.92
COL_350762,100725.305
COL_350764,80149.625
COL_350784,49210.33
COL_350851,56891.445
COL_351049,48181.37
COL_351088,397772.4
COL_351213,52807.406
COL_351274,50279.83
COL_351380,35844.164
COL_351688,46034.11
COL_351715,44463.793
COL_351762,54027.0
COL_351901,45751.273
COL_352368,158151.34
COL_352392,50566.01
COL_352397,50456.133
COL_352422,136877.12
COL_352637,30879.664
COL_352991,49556.42
COL_353024,66017.875
COL_353028,43281.312
COL_353059,33182.652
COL_353225,59762.43
COL_353243,30833.395
COL_353323,34287.03
COL_353376,34203.12
COL_353452,57880.168
COL_353740,44858.53
COL_353741,44939.727
COL_353798,46446.82
COL_353848,47143.637
COL_353860,41019.17
COL_354005,65305.04
COL_354013,42366.15
COL_354017,31740.805
COL_354058,104202.61
COL_354370,50137.785
COL_354379,47029.0
COL_354384,32747.62
COL_354401,43316.59
COL_354414,51687.133
COL_354422,52708.277
COL_354535,40275.984
COL_354630,65620.49
COL_354696,41602.35
COL_354775,55439.047
COL_354795,41360.727
COL_355174,44422.31
COL_355178,36452.234
COL_355241,53952.133
COL_355242,53785.883
COL_355332,49736.73
COL_355356,54818.516
COL_355412,45685.816
COL_355457,32540.973
COL_355532,46518.625
COL_355579,101697.22
COL_355627,47334.94
COL_355640,83913.11
COL_355642,46584.465
COL_355643,37848.28
COL_355644,49874.78
COL_355702,67671.56
COL_355851,25171.816
COL_355942,42956.855
COL_355991,47887.082
COL_356015,38464.695
COL_356199,97519.555
COL_356201,66831.58
COL_356441,258484.1
COL_356469,30600.268
COL_356497,49662.56
COL_356528,82464.92
COL_356531,55093.984
COL_356616,41101.4
COL_356638,53319.336
COL_356826,58181.83
COL_356832,57179.99
COL_356954,44015.65
COL_356964,20596.383
COL_356974,31065.828
COL_356984,22500.172
COL_356999,32476.012
COL_357040,67851.94
COL_357043,41161.406
COL_357044,39704.01
COL_357159,54468.64
COL_357177,58571.984
COL_357179,61167.727
COL_357180,62824.04
COL_357214,43061.25
COL_357243,54776.64
COL_357294,208615.86
COL_357296,50849.96
COL_357328,40417.055
COL_357329,38561.305
COL_357331,38731.582
COL_357591,41669.72
COL_357674,50608.26
COL_357819,53410.914
COL_357939,45196.484
COL_357974,47407.832
COL_358084,43707.914
COL_358132,47797.215
COL_358232,32321.598
COL_358276,45721.71
COL_358345,80993.2
COL_358346,111171.29
COL_358399,175329.8
COL_358409,51323.11
COL_358650,56814.277
COL_358680,58382.258
COL_358681,57543.57
COL_358684,47959.117
COL_358785,40339.805
COL_358809,44605.336
COL_358838,43627.203
COL_358860,45795.22
COL_358903,25127.666
COL_358918,51396.938
COL_358919,46455.984
COL_359017,138679.03
COL_359184,84917.47
COL_359231,38626.383
COL_359287,83307.28
COL_359445,29680.035
COL_359491,53504.664
COL_359659,56197.5
COL_359709,30696.934
COL_359737,73735.06
COL_359790,47069.793
COL_359919,45946.336
COL_359952,42231.08
COL_359998,41017.61
COL_360122,71453.4
COL_360130,42302.594
COL_360208,45190.688
COL_360271,47145.918
COL_360276,40779.336
COL_360277,63237.816
COL_360356,38483.72
COL_360445,59096.9
COL_360564,40624.637
COL_360668,38889.344
COL_360703,54227.406
COL_360822,51174.445
COL_361154,52413.96
COL_361255,145561.05
COL_361394,47004.77
COL_361459,49797.008
COL_361605,42076.566
COL_361689,38393.133
COL_361827,41858.008
COL_361842,47079.598
COL_361905,110037.2
COL_361973,189737.38
COL_362013,120675.016
COL_362046,36276.883
COL_362150,47200.336
COL_362151,40426.348
COL_362152,45580.215
COL_362153,31406.676
COL_362154,33538.29
COL_362229,46880.19
COL_362246,106262.14
COL_362248,158652.98
COL_362262,32721.996
COL_362294,332299.4
COL_362348,43081.234
COL_362497,53707.836
COL_362498,59597.895
COL_362499,48912.156
COL_362500,49936.477
COL_362501,54543.547
COL_362502,41576.914
COL_362503,46403.74
COL_362504,56744.242
COL_362505,51197.87
COL_362506,56719.598
COL_362507,53213.41
COL_362508,54644.656
COL_362583,43160.375
COL_362707,42874.6
COL_362717,45364.51
COL_362999,40310.16
COL_363073,36629.902
COL_363180,43727.69
COL_363332,25028.623
COL_363375,42547.086
COL_363376,48984.254
COL_363408,44707.16
COL_363479,50223.17
COL_363480,56560.383
COL_363826,44913.273
COL_363911,49111.22
COL_364047,73771.41
COL_364051,32048.7
COL_364053,33220.066
COL_364201,41167.46
COL_364302,46851.57
COL_364411,45264.1
COL_364507,50901.754
COL_364716,109318.086
COL_364810,40484.27
COL_364830,74244.04
COL_364885,38466.21
COL_364889,31268.027
COL_364994,56665.07
COL_365066,40760.93
COL_365439,46742.68
COL_365528,38080.285
COL_365550,49861.855
COL_365615,275678.22
COL_365632,158641.5
COL_365671,34886.645
COL_365899,53175.35
COL_365987,50477.47
COL_366038,75699.17
COL_366048,44480.14
COL_366184,47847.56
COL_366254,154894.2
COL_366349,42733.22
COL_366512,44071.64
COL_366696,46731.266
COL_366865,54859.324
COL_367190,42360.547
COL_367202,81415.28
COL_367213,49696.59
COL_367229,41392.727
COL_367256,69570.54
COL_367288,68922.92
COL_367318,51689.098
COL_367362,44922.938
COL_367381,35003.477
COL_367407,74389.92
COL_367515,43330.73
COL_367614,41927.855
COL_367646,26947.193
COL_367648,39851.246
COL_367807,54539.02
COL_367808,53254.895
COL_367889,51963.812
COL_367998,44773.42
COL_368007,105134.09
COL_368014,41439.824
COL_368023,48206.45
COL_368040,49228.176
COL_368045,79212.32
COL_368104,56158.48
COL_368389,52046.51
COL_368391,50365.64
COL_368397,51451.402
COL_368411,36932.94
COL_368415,73537.18
COL_368444,79856.55
COL_368452,74849.125
COL_368453,54502.523
COL_368606,55417.773
COL_368697,50524.19
COL_368754,46010.574
COL_368783,28251.611
COL_368824,39179.58
COL_368829,50382.69
COL_369107,31991.188
COL_369112,49676.38
COL_369173,51309.906
COL_369210,38978.93
COL_369256,54873.29
COL_369278,48638.57
COL_369313,46933.96
COL_369325,59410.15
COL_369342,55382.266
COL_369376,46520.63
COL_369391,74478.516
COL_369476,50179.066
COL_369546,42245.91
COL_369589,56033.67
COL_369645,37008.26
COL_369668,48544.363
COL_369718,52053.945
COL_369721,89075.07
COL_369751,64825.258
COL_369882,56160.805
COL_369926,39592.24
COL_370048,46807.445
COL_370103,53587.906
COL_370147,43267.984
COL_370197,157014.77
COL_370225,42924.688
COL_370443,54468.902
COL_370450,40576.727
COL_370459,268778.4
COL_370464,54842.36
COL_370662,82464.46
COL_370698,46949.766
COL_370735,71688.12
COL_370805,50519.383
COL_370808,42175.863
COL_370830,49932.195
COL_370924,44873.027
COL_371007,38148.215
COL_371017,44719.836
COL_371052,44076.312
COL_371053,49803.19
COL_371091,40086.11
COL_371132,40048.13
COL_371154,46867.65
COL_371167,41768.09
COL_371424,45280.582
COL_371437,42373.297
COL_371438,30443.658
COL_371439,30508.113
COL_371519,50167.094
COL_371520,68028.38
COL_371524,52290.703
COL_371544,66179.375
COL_371597,188988.94
COL_371613,63987.152
COL_371651,161227.8
COL_371663,122276.266
COL_371669,119358.414
COL_371678,88346.71
COL_371685,39824.53
COL_371692,47911.46
COL_371738,37765.207
COL_371773,76600.8
COL_371787,70908.66
COL_372293,67124.91
COL_372323,35199.137
COL_372367,46021.273
COL_372424,47923.492
COL_372425,61198.65
COL_372443,214215.84
COL_372456,53785.75
COL_372498,44098.562
COL_372559,38114.83
COL_372561,42749.47
COL_372592,67685.03
COL_372593,52817.97
COL_372603,87392.85
COL_372619,51354.434
COL_372713,62798.016
COL_372777,41511.254
COL_372803,52851.023
COL_372841,85964.33
COL_372873,42519.65
COL_372875,57637.938
COL_372902,78068.64
COL_372920,46661.04
COL_372930,260970.02
COL_372932,122481.766
COL_372945,119514.3
COL_372969,56084.46
COL_373027,44374.934
COL_373071,51264.04
COL_373075,47879.105
COL_373101,48657.17
COL_373105,47443.516
COL_373106,45257.195
COL_373107,42093.0
COL_373108,42544.22
COL_373180,34868.15
COL_373195,123525.64
COL_373197,123353.09
COL_373289,80269.055
COL_373291,40442.008
COL_373414,53048.973
COL_373415,74803.21
COL_373441,69579.2
COL_373467,43747.027
COL_373522,56514.883
COL_373627,46041.734
COL_373675,278146.2
COL_373917,76902.27
COL_373938,196215.53
COL_374058,43491.242
COL_374154,123421.984
COL_374182,45559.785
COL_374183,69587.586
COL_374232,46403.49
COL_374272,50621.812
COL_374299,40681.816
COL_374416,39344.76
COL_374494,58144.68
COL_374515,66759.95
COL_374570,99962.95
COL_374858,29501.434
COL_374867,31239.61
COL_374899,49598.914
COL_374955,52674.543
COL_374975,60181.867
COL_374997,30866.518
COL_375026,44450.79
COL_375033,43152.516
COL_375103,40933.203
COL_375118,46537.176
COL_375119,50589.598
COL_375120,39105.19
COL_375121,40091.426
COL_375183,44082.89
COL_375452,73019.01
COL_375463,105594.16
COL_375672,37526.266
COL_375673,31400.441
COL_375716,126497.59
COL_375781,41624.293
COL_375859,33116.355
COL_375888,50553.164
COL_375893,123389.68
COL_375899,43860.777
COL_376021,57851.297
COL_376102,153297.88
COL_376206,44051.047
COL_376211,50132.58
COL_376366,113745.83
COL_376367,113121.06
COL_376368,107720.45
COL_376405,63686.38
COL_376443,182144.98
COL_376475,45941.82
COL_376477,40896.492
COL_376499,186711.97
COL_376500,187729.2
COL_376524,50231.137
COL_376613,33457.473
COL_376661,47637.125
COL_376674,67794.9
COL_376690,28935.547
COL_376712,59125.53
COL_376778,46071.137
COL_376800,29780.26
COL_376801,29896.621
COL_377066,39458.95
COL_377074,42613.85
COL_377093,53501.4
COL_377113,34092.984
COL_377118,46624.53
COL_377131,47439.508
COL_377356,27699.656
COL_377543,41890.84
COL_377546,50521.297
COL_377548,47693.1
COL_377689,180372.45
COL_377713,71592.016
COL_377714,67643.266
COL_377715,47594.03
COL_377731,52548.28
COL_377732,154665.61
COL_377910,48263.656
COL_377931,56117.1
COL_377977,41681.137
COL_378088,53283.46
COL_378144,49702.785
COL_378155,35519.13
COL_378170,65194.953
COL_378178,56830.594
COL_378194,41736.297
COL_378195,79637.21
COL_378227,42658.94
COL_378236,61442.223
COL_378342,97047.28
COL_378364,51868.273
COL_378406,40572.016
COL_378444,52107.51
COL_378460,38883.453
COL_378506,60064.895
COL_378544,38877.836
COL_378740,49392.742
COL_378743,37000.508
COL_378846,48802.01
COL_378872,41208.176
COL_378873,177263.11
COL_378880,49858.047
COL_378885,49968.734
COL_378904,41953.844
COL_378971,45493.465
COL_378972,51796.03
COL_379131,44694.836
COL_379199,36055.098
COL_379283,46019.184
COL_379294,37553.57
COL_379338,49972.71
COL_379341,117103.72
COL_379374,222802.95
COL_379401,38257.133
COL_379549,39740.402
COL_379551,31344.127
COL_379552,44360.695
COL_379553,48629.48
COL_379554,44174.133
COL_379555,42352.824
COL_379572,104209.86
COL_379670,34038.812
COL_379673,38657.023
COL_379680,85584.266
COL_379744,42659.5
COL_379766,37547.36
COL_379823,43052.26
COL_379827,40430.96
COL_379833,50937.832
COL_379915,30696.139
COL_380084,47366.527
COL_380212,56698.53
COL_380276,75903.07
COL_380379,47060.793
COL_380404,52226.734
COL_380433,46229.41
COL_380581,51855.81
COL_380583,56382.508
COL_380584,55162.97
COL_380676,89438.24
COL_380727,122481.766
COL_380729,30156.266
COL_380779,43909.074
COL_380849,48441.516
COL_380889,38029.35
COL_380920,38901.816
COL_380981,27674.457
COL_381005,65433.492
COL_381044,45709.977
COL_381093,39934.61
COL_381129,44646.383
COL_381130,68383.66
COL_381131,69123.625
COL_381133,66594.66
COL_381134,52982.047
COL_381135,61286.17
COL_381189,41564.594
COL_381190,54410.96
COL_381202,32854.367
COL_381203,33109.906
COL_381204,32917.555
COL_381231,36328.25
COL_381295,30898.613
COL_381296,30131.258
COL_381371,40299.164
COL_381445,46720.402
COL_381470,54990.016
COL_381567,71554.99
COL_381672,45392.164
COL_381741,43175.11
COL_381885,45213.836
COL_381909,46489.69
COL_382242,56312.258
COL_382342,82733.67
COL_382345,83721.92
COL_382539,51042.016
COL_382709,43906.043
COL_382788,43567.266
COL_382792,84140.875
COL_382995,52431.05
COL_383020,51656.02
COL_383043,42974.215
COL_383046,41125.938
COL_383264,180658.98
COL_383272,54101.477
COL_383299,44344.668
COL_383308,39363.137
COL_383393,55846.152
COL_383454,73933.42
COL_383480,53385.26
COL_383482,45086.316
COL_383558,74926.97
COL_383684,79880.086
COL_383726,25725.047
COL_383773,53578.52
COL_383810,58452.72
COL_383855,59770.594
COL_383866,57177.47
COL_383966,47753.523
COL_383981,36013.305
COL_384006,48530.79
COL_384016,45358.87
COL_384022,42118.82
COL_384106,69907.734
COL_384116,199154.5
COL_384222,212820.53
COL_384231,47983.32
COL_384295,60414.11
COL_384325,62392.43
COL_384362,50999.61
COL_384398,40701.973
COL_384499,48728.8
COL_384636,75493.59
COL_384650,36194.477
COL_384670,59119.914
COL_384718,50502.523
COL_384720,194863.16
COL_384721,192297.72
COL_384722,193424.03
COL_384723,192897.19
COL_384724,204271.9
COL_384725,203309.95
COL_384726,195908.44
COL_384727,204271.9
COL_384730,35046.062
COL_384743,45053.71
COL_384801,54464.67
COL_384841,92898.07
COL_384884,56670.703
COL_384916,35716.355
COL_385075,43107.68
COL_385133,58574.414
COL_385148,72112.89
COL_385149,95116.56
COL_385150,68492.6
COL_385159,59601.43
COL_385204,82659.58
COL_385211,29672.918
COL_385220,70026.7
COL_385264,53085.48
COL_385312,45553.797
COL_385327,60076.79
COL_385345,53853.77
COL_385371,43048.195
COL_385388,39366.805
COL_385489,33478.71
COL_385511,37329.516
COL_385541,177943.83
COL_385575,88143.1
COL_385576,79470.71
COL_385683,48403.6
COL_385739,33492.06
COL_385814,47526.94
COL_385828,123369.59
COL_385939,40302.625
COL_386160,90450.875
COL_386195,84740.07
COL_386279,51400.5
COL_386331,41970.664
COL_386767,39745.273
COL_386784,68543.62
COL_386857,39240.375
COL_386871,65382.83
COL_386878,81523.81
COL_386926,50479.363
COL_386954,44597.875
COL_387107,56331.312
COL_387125,31239.34
COL_387135,108598.88
COL_387155,49679.934
COL_387163,51145.344
COL_387211,47434.867
COL_387222,51238.844
COL_387276,31180.36
COL_387277,59760.656
COL_387280,49815.973
COL_387304,44748.516
COL_387357,39733.523
COL_387381,43928.18
COL_387425,79806.5
COL_387426,85446.56
COL_387452,153053.19
COL_387541,184005.61
COL_387600,38576.16
COL_387837,50493.332
COL_387921,39784.113
COL_387922,139339.42
COL_387925,53385.613
COL_387934,43763.645
COL_387935,45554.62
COL_387937,49551.61
COL_387947,31065.828
COL_387952,42601.293
COL_388150,57313.426
COL_388157,36328.11
COL_388176,211950.42
COL_388178,49175.934
COL_388246,56014.914
COL_388315,48581.64
COL_388325,38429.324
COL_388360,48372.824
COL_388403,113545.664
COL_388416,62819.742
COL_388433,53564.875
COL_388447,55273.0
COL_388465,33005.844
COL_388500,51076.105
COL_388505,75257.35
COL_388507,39505.316
COL_388578,68582.5
COL_388589,54150.574
COL_388651,43129.047
COL_388675,29067.46
COL_388732,58558.156
COL_388790,40881.613
COL_388863,46251.008
COL_388911,43621.758
COL_388927,52486.33
COL_388962,62685.793
COL_388964,61988.816
COL_389021,153008.66
COL_389080,55040.332
COL_389139,88176.06
COL_389140,84696.87
COL_389175,40104.984
COL_389176,43662.824
COL_389230,51747.234
COL_389264,79520.66
COL_389373,53703.64
COL_389408,164954.5
COL_389425,51223.86
COL_389438,41356.695
COL_389459,52192.07
COL_389488,33252.953
COL_389576,58632.473
COL_389663,39521.99
COL_389787,62893.605
COL_389803,52626.992
COL_389884,56861.484
COL_389891,46042.516
COL_389905,189307.8
COL_390149,53064.445
COL_390150,49340.027
COL_390151,49423.95
COL_390152,59350.04
COL_390176,42275.18
COL_390177,57409.04
COL_390178,42516.535
COL_390179,43375.516
COL_390180,46829.58
COL_390181,47777.395
COL_390237,47134.37
COL_390259,52645.56
COL_390270,53781.4
COL_390312,61015.9
COL_390313,61040.227
COL_390320,79333.53
COL_390321,76528.32
COL_390322,81417.66
COL_390390,44498.832
COL_390394,37400.094
COL_390447,50160.617
COL_390474,37504.51
COL_390485,55735.03
COL_390656,40839.06
COL_390675,58002.14
COL_390720,58545.54
COL_390759,44180.375
COL_390760,50401.93
COL_390761,171960.62
COL_391004,53847.617
COL_391012,49538.453
COL_391064,172564.62
COL_391101,50376.008
COL_391115,50378.984
COL_391171,42688.59
COL_391285,66337.484
COL_391330,53871.926
COL_391418,45751.273
COL_391464,42727.773
COL_391466,27961.48
COL_391556,40472.49
COL_391648,31847.363
COL_391650,41086.0
COL_391754,44053.773
COL_392218,72045.99
COL_392243,56423.203
COL_392279,28958.629
COL_392303,40022.79
COL_392497,52839.773
COL_392554,39249.906
COL_392663,43652.812
COL_392737,38644.543
COL_392878,43201.6
COL_392908,40714.89
COL_393015,80820.55
COL_393045,47787.91
COL_393092,59187.68
COL_393145,44564.39
COL_393278,54074.57
COL_393287,34810.58
COL_393363,43844.242
COL_393454,46223.35
COL_393463,36660.332
COL_393493,60110.6
COL_393543,122893.836
COL_393581,47237.945
COL_393625,43002.695
COL_393647,37542.48
COL_393648,50776.84
COL_393761,43335.426
COL_393770,122481.766
COL_393784,127238.92
COL_393830,106516.055
COL_393834,108332.47
COL_393843,65217.31
COL_393924,31941.81
COL_393930,51659.83
COL_393931,48593.625
COL_393953,46201.816
COL_394142,56211.56
COL_394224,163439.3
COL_394448,82627.984
COL_394726,65682.3
COL_394737,45694.5
COL_394738,35156.48
COL_394764,160181.81
COL_394777,43209.06
COL_394783,41272.43
COL_394811,75685.78
COL_394849,58130.332
COL_394857,74900.0
COL_394922,43792.742
COL_394988,45502.777
COL_395063,58114.438
COL_395135,46670.137
COL_395184,65846.09
COL_395191,44503.715
COL_395196,69354.19
COL_395197,61611.61
COL_395209,50505.31
COL_395214,54142.633
COL_395226,44771.91
COL_395281,171592.88
COL_395296,32866.305
COL_395344,43894.938
COL_395573,65416.934
COL_395574,65990.44
COL_395608,44448.773
COL_395713,35770.83
COL_395714,40253.777
COL_395715,36998.266
COL_395717,47349.312
COL_395718,53459.93
COL_395771,40686.008
COL_395816,226936.39
COL_395841,43704.68
COL_395898,53298.594
COL_395904,60643.438
COL_395929,62174.297
COL_396047,131399.94
COL_396072,57168.07
COL_396104,275560.56
COL_396114,43269.914
COL_396161,31950.5
COL_396162,32859.83
COL_396197,52144.04
COL_396213,42989.242
COL_396366,41477.008
COL_396368,37341.445
COL_396373,37760.367
COL_396385,43377.72
COL_396389,83049.61
COL_396399,48793.37
COL_396434,60971.97
COL_396522,59703.008
COL_396536,48536.617
COL_396544,51954.727
COL_396605,50027.086
COL_396766,45372.875
COL_396828,48402.023
COL_396833,51840.184
COL_396838,33686.637
COL_396937,53965.38
COL_396959,51263.367
COL_396960,62105.688
COL_396961,53206.305
COL_396975,51856.266
COL_397004,48945.15
COL_397068,58764.25
COL_397220,42861.688
COL_397251,55596.586
COL_397387,27518.238
COL_397408,179242.08
COL_397515,416961.6
COL_397613,44193.293
COL_397736,41147.07
COL_397747,53578.6
COL_397860,40628.645
COL_397875,26268.234
COL_397928,44578.17
COL_398072,56107.098
COL_398073,53963.21
COL_398193,53686.043
COL_398230,62114.242
COL_398232,139953.84
COL_398238,58107.45
COL_398375,39268.32
COL_398381,47335.492
COL_398395,44343.24
COL_398412,47010.637
COL_398466,51107.93
COL_398494,40534.44
COL_398545,54350.906
COL_398781,54638.832
COL_398819,67357.39
COL_398836,48214.902
COL_398868,122686.51
COL_398879,52825.562
COL_398902,45370.29
COL_398904,70354.164
COL_399019,35879.47
COL_399049,63282.1
COL_399059,42517.375
COL_399127,69513.805
COL_399459,63156.65
COL_399529,37360.766
COL_399530,43532.945
COL_399886,84466.664
COL_399931,52457.707
COL_400024,71248.6
COL_400104,66640.21
COL_400156,44967.098
COL_400161,41237.516
COL_400207,42193.34
COL_400215,46636.277
COL_400271,51847.367
COL_400272,51540.805
COL_400380,36024.812
COL_400422,23047.424
COL_400487,60839.758
COL_400545,64018.742
COL_400546,64281.188
COL_400549,64105.05
COL_400554,50906.062
COL_400610,53700.453
COL_400630,42537.207
COL_400640,65032.21
COL_400645,58843.266
COL_400652,38533.01
COL_400802,45034.266
COL_400811,90656.37
COL_400840,62946.965
COL_400904,61577.57
COL_400940,181559.28
COL_401007,45077.75
COL_401013,58863.707
COL_401269,50273.066
COL_401392,373429.53
COL_401419,73160.42
COL_401547,44572.39
COL_401587,51610.953
COL_401661,51611.445
COL_401705,49803.152
COL_401767,40058.348
COL_401797,44316.703
COL_401868,59797.684
COL_402016,41282.7
COL_402348,27938.65
COL_402421,40528.33
COL_402474,49504.082
COL_402475,131138.45
COL_402507,32461.895
COL_402530,57588.555
COL_402555,49077.117
COL_402739,195378.94
COL_402789,36934.29
COL_402795,46148.555
COL_402894,39950.555
COL_402928,60371.086
COL_402934,72086.14
COL_402936,72938.33
COL_402957,50265.277
COL_403052,46207.727
COL_403101,74699.65
COL_403137,54691.26
COL_403139,49341.562
COL_403160,39790.645
COL_403161,45410.76
COL_403162,50880.062
COL_403165,41082.33
COL_403242,37475.137
COL_403418,38986.492
COL_403560,47598.69
COL_403564,44421.992
COL_403610,50084.164
COL_403634,50756.79
COL_403737,64950.047
COL_403848,56449.434
COL_403854,45837.32
COL_403937,47458.97
COL_404130,204896.23
COL_404143,48819.77
COL_404183,43044.234
COL_404215,52696.64
COL_404333,72201.06
COL_404345,45196.02
COL_404438,84097.65
COL_404439,55745.35
COL_404491,185438.45
COL_404576,43091.94
COL_404620,40663.805
COL_404651,30410.037
COL_404736,34147.047
COL_404745,43201.125
COL_404784,47729.62
COL_404872,42237.992
COL_405059,49591.664
COL_405127,36229.902
COL_405143,79877.42
COL_405156,46494.383
COL_405235,33578.164
COL_405303,42742.35
COL_405345,43947.457
COL_405398,50843.25
COL_405399,54920.125
COL_405507,47684.324
COL_405529,48186.445
COL_405658,47889.24
COL_405666,41793.63
COL_405711,40002.35
COL_405811,40745.434
COL_405951,46951.727
COL_406025,64314.96
COL_406081,82392.94
COL_406092,66670.92
COL_406116,39007.46
COL_406145,37738.918
COL_406171,48239.727
COL_406232,35110.547
COL_406234,38945.65
COL_406275,57833.266
COL_406276,59993.55
COL_406277,55363.742
COL_406278,53030.113
COL_406279,41258.215
COL_406291,33363.15
COL_406380,51843.195
COL_406471,52484.63
COL_406524,40983.08
COL_406525,40779.508
COL_406577,58183.492
COL_406642,198655.88
COL_406698,62005.93
COL_406765,20799.977
COL_406819,59822.98
COL_406981,47894.664
COL_407017,61515.914
COL_407064,35033.766
COL_407236,251431.9
COL_407262,71853.14
COL_407274,96524.66
COL_407301,46815.89
COL_407334,54251.906
COL_407372,48371.86
COL_407383,41017.61
COL_407391,37328.883
COL_407415,42455.004
COL_407480,76300.5
COL_407570,126553.86
COL_407627,47473.0
COL_407634,70742.125
COL_407635,68305.38
COL_407683,37206.55
COL_407899,55532.418
COL_407927,43606.473
COL_407936,44359.883
COL_407956,40313.297
COL_407969,56032.617
COL_408007,49370.65
COL_408026,49873.03
COL_408056,43725.59
COL_408156,63089.805
COL_408157,45591.49
COL_408181,44880.92
COL_408230,51368.69
COL_408276,47352.67
COL_408313,38327.86
COL_408317,35336.195
COL_408318,35310.883
COL_408319,47035.375
COL_408320,45593.48
COL_408349,49374.875
COL_408552,57637.938
COL_408565,47649.17
COL_408672,50054.63
COL_408682,56561.22
COL_408686,25741.982
COL_408724,32566.314
COL_408765,32167.512
COL_408832,53514.04
COL_409107,84074.05
COL_409486,55449.99
COL_409495,47123.594
COL_409540,166061.52
COL_409590,52423.727
COL_409662,43275.72
COL_409668,46943.074
COL_409784,49598.44
COL_409790,66087.13
COL_409858,36376.33
COL_409866,39616.86
COL_409962,35204.062
COL_410295,66162.81
COL_410302,46363.184
COL_410316,51405.074
COL_410448,41580.035
COL_410498,48168.445
COL_410525,53572.805
COL_410534,66412.36
COL_410549,42593.664
COL_410657,58190.72
COL_410724,45494.543
COL_410778,47550.16
COL_410957,42970.383
COL_411043,90635.52
COL_411096,104358.16
COL_411111,59518.71
COL_411137,100585.48
COL_411195,45664.895
COL_411202,40129.184
COL_411220,91454.875
COL_411221,91317.43
COL_411238,37739.723
COL_411275,38675.816
COL_411301,46375.086
COL_411514,49210.203
COL_411540,40942.082
COL_411700,35773.047
COL_411961,32368.176
COL_411962,39634.5
COL_412082,40270.88
COL_412105,43189.023
COL_412122,34063.05
COL_412124,47336.992
COL_412125,44474.594
COL_412244,38246.438
COL_412251,46899.973
COL_412275,45570.203
COL_412308,51505.27
COL_412337,41614.05
COL_412350,78340.88
COL_412395,53850.785
COL_412411,64475.152
COL_412491,65731.09
COL_412575,44339.793
COL_412583,39221.746
COL_412606,42446.88
COL_412656,47521.64
COL_412697,40570.973
COL_412711,36589.344
COL_412850,49696.59
COL_412851,39650.53
COL_412853,42766.562
COL_412856,40043.957
COL_412857,33272.387
COL_412925,165195.12
COL_412926,165973.78
COL_413217,58225.938
COL_413225,63984.824
COL_413258,52417.117
COL_413261,48235.85
COL_413262,47621.613
COL_413270,32808.17
COL_413271,47005.27
COL_413275,40343.44
COL_413474,126497.59
COL_413482,48022.207
COL_413607,47342.164
COL_413678,39564.324
COL_413943,56012.688
COL_413976,48352.65
COL_414175,244826.78
COL_414193,53292.723
COL_414295,21759.27
COL_414337,204970.08
COL_414380,27439.906
COL_414470,60900.63
COL_414471,43676.918
COL_414687,49028.12
COL_414867,46059.684
COL_414930,52084.363
COL_414931,55445.25
COL_415267,83207.484
COL_415295,63331.543
COL_415296,50853.902
COL_415357,114570.375
COL_415433,34528.066
COL_415503,36014.918
COL_415607,49405.46
COL_415617,39199.945
COL_415653,56060.332
COL_415665,44781.906
COL_415782,37594.4
COL_415791,53296.375
COL_415947,52784.742
COL_415983,51445.55
COL_415989,38790.414
COL_416016,41200.117
COL_416140,31225.691
COL_416279,75459.375
COL_416336,44898.93
COL_416444,78875.34
COL_416460,44705.96
COL_416464,37941.195
COL_416466,38262.555
COL_416469,51061.582
COL_416545,31960.006
COL_416560,73926.3
COL_416564,71005.56
COL_416626,50241.78
COL_416665,48860.875
COL_416673,48338.84
COL_416695,108663.02
COL_416696,109693.55
COL_416697,112991.05
COL_416698,106326.3
COL_416699,108214.484
COL_416700,108219.21
COL_416766,30397.828
COL_416774,51623.758
COL_416778,45002.12
COL_416785,56553.266
COL_416814,43762.305
COL_416868,38229.027
COL_416894,91980.34
COL_417030,37050.258
COL_417049,102028.03
COL_417096,48119.445
COL_417122,70417.3
COL_417124,81429.766
COL_417171,65939.25
COL_417174,27770.71
COL_417228,41674.684
COL_417236,69805.055
COL_417265,94269.66
COL_417266,42272.918
COL_417267,76328.984
COL_417271,42644.54
COL_417284,49879.28
COL_417318,88743.18
COL_417423,45473.934
COL_417510,32485.045
COL_417566,40616.402
COL_417567,38806.062
COL_417588,52609.477
COL_417745,51298.344
COL_417886,45529.195
COL_417890,43040.3
COL_418074,29918.246
COL_418076,54074.54
COL_418114,49364.395
COL_418116,40396.137
COL_418130,39634.734
COL_418135,42740.09
COL_418144,36889.99
COL_418176,68016.65
COL_418198,53290.305
COL_418222,61848.723
COL_418224,130597.51
COL_418240,40171.61
COL_418264,43315.562
COL_418371,123408.875
COL_418556,61469.688
COL_418578,45274.086
COL_418774,38696.695
COL_418818,75939.45
COL_418839,50545.03
COL_418881,47477.43
COL_418888,44246.83
COL_418990,47065.746
COL_419050,34594.48
COL_419102,32379.04
COL_419181,31337.867
COL_419250,84882.33
COL_419337,85806.59
COL_419383,44049.113
COL_419397,83041.55
COL_419431,45746.043
COL_419510,71257.62
COL_419518,28481.475
COL_419574,39348.277
COL_419578,42523.848
COL_419614,25987.193
COL_419756,104698.33
COL_419765,45564.67
COL_419779,44897.05
COL_419796,34780.17
COL_419798,34722.38
COL_419799,43426.574
COL_419870,54886.336
COL_419871,54770.734
COL_419872,53179.71
COL_419873,52790.676
COL_420021,122699.23
COL_420031,43701.344
COL_420037,36832.098
COL_420080,81500.016
COL_420362,37360.36
COL_420401,51538.707
COL_420490,57484.89
COL_420491,31970.996
COL_420515,52530.64
COL_420540,240074.5
COL_420668,42015.207
COL_420707,40151.996
COL_420743,249136.69
COL_420784,50953.71
COL_420790,47146.184
COL_420901,48518.75
COL_421024,45901.047
COL_421052,39679.96
COL_421060,34895.82
COL_421061,59731.582
COL_421110,45660.72
COL_421112,51346.35
COL_421121,63914.043
COL_421208,46141.65
COL_421218,51000.074
COL_421237,201811.6
COL_421255,43980.598
COL_421283,37848.867
COL_421291,49250.9
COL_421297,145663.05
COL_421343,37156.59
COL_421344,38081.688
COL_421348,50589.17
COL_421552,59251.234
COL_421654,42869.24
COL_421655,45757.875
COL_421692,34305.832
COL_421693,57797.793
COL_422153,42221.75
COL_422232,31372.535
COL_422255,57029.83
COL_422256,49960.387
COL_422257,50145.402
COL_422275,31852.14
COL_422286,38137.99
COL_422287,46478.145
COL_422289,29518.176
COL_422290,48424.953
COL_422291,51586.297
COL_422330,36734.16
COL_422413,61608.062
COL_422452,42894.71
COL_422592,30989.027
COL_422610,56487.08
COL_422646,258638.11
COL_422735,57767.523
COL_422779,59795.875
COL_422780,61238.64
COL_422781,62354.35
COL_422782,49989.35
COL_422832,46320.5
COL_422901,24539.49
COL_422922,49554.86
COL_422969,41771.406
COL_422998,39130.855
COL_423042,51634.434
COL_423271,244863.69
COL_423292,31058.621
COL_423390,35554.23
COL_423398,28576.94
COL_423541,56806.59
COL_423629,61346.047
COL_423714,98569.05
COL_423761,149797.08
COL_423762,150336.75
COL_423840,31296.86
COL_424042,83964.586
COL_424094,45360.492
COL_424147,42122.33
COL_424211,62892.34
COL_424260,39485.0
COL_424300,54890.266
COL_424348,30321.61
COL_424494,54368.74
COL_424642,162256.62
COL_424752,51967.113
COL_425001,51652.97
COL_425093,43894.02
COL_425126,58531.734
COL_425176,35693.082
COL_425196,46684.734
COL_425223,47455.785
COL_425244,43028.484
COL_425369,44786.887
COL_425409,49780.273
COL_425441,90328.23
COL_425639,50754.555
COL_425665,39987.664
COL_425846,56709.645
COL_425989,45152.742
COL_426027,48221.35
COL_426061,47809.04
COL_426087,49957.77
COL_426104,33970.29
COL_426111,38888.566
COL_426115,66218.87
COL_426116,54540.33
COL_426125,54673.508
COL_426151,42884.355
COL_426153,52897.055
COL_426154,39431.855
COL_426155,40343.5
COL_426193,70385.9
COL_426194,55144.086
COL_426197,63083.47
COL_426198,76434.59
COL_426280,63108.53
COL_426368,77588.31
COL_426396,55334.04
COL_426421,50394.344
COL_426497,42392.055
COL_426515,56336.21
COL_426542,51912.36
COL_426551,76127.39
COL_426606,35503.074
COL_426630,36845.73
COL_426890,36543.625
COL_427026,38779.15
COL_427086,37289.562
COL_427087,39866.336
COL_427088,37509.656
COL_427345,40795.14
COL_427417,44820.996
COL_427594,205750.88
COL_427626,48735.703
COL_427674,65320.812
COL_427685,49749.402
COL_427694,40478.65
COL_427711,43972.527
COL_427712,79051.91
COL_427713,46625.94
COL_427738,53373.766
COL_427889,43576.12
COL_427891,51060.043
COL_427927,65239.996
COL_428045,43125.01
COL_428116,39240.375
COL_428221,43649.59
COL_428332,43184.434
COL_428419,37121.555
COL_428436,38008.176
COL_428459,42040.99
COL_428460,57828.9
COL_428724,154269.67
COL_428952,59582.54
COL_428982,47591.734
COL_428983,52729.47
COL_429040,37227.664
COL_429053,48820.6
COL_429063,50735.664
COL_429128,47999.164
COL_429131,48306.645
COL_429190,36400.984
COL_429211,31263.492
COL_429243,48704.367
COL_429270,53350.203
COL_429312,62048.332
COL_429415,70849.54
COL_429434,52317.43
COL_429512,46467.516
COL_429591,42176.605
COL_429627,52764.223
COL_429671,74690.695
COL_429672,74603.21
COL_429688,75264.875
COL_429689,76007.09
COL_429693,59002.555
COL_429715,50637.152
COL_429792,60867.688
COL_429831,54932.04
COL_430043,277952.47
COL_430076,48547.156
COL_430092,49462.547
COL_430123,49019.297
COL_430196,36085.168
COL_430201,42272.0
COL_430215,93975.2
COL_430335,39945.6
COL_430443,74822.39
COL_430444,74771.54
COL_430445,69189.63
COL_430446,69429.484
COL_430506,57626.945
COL_430651,53647.438
COL_430726,54726.008
COL_430765,49601.605
COL_431040,51807.848
COL_431079,46252.438
COL_431111,39979.12
COL_431147,48712.426
COL_431149,46367.14
COL_431152,40026.516
COL_431279,75354.82
COL_431283,28666.363
COL_431331,46642.51
COL_431364,35914.387
COL_431377,42387.8
COL_431389,38099.49
COL_431561,49251.37
COL_431663,34252.266
COL_431675,32812.8
COL_431683,102513.12
COL_431707,76733.55
COL_431768,40570.973
COL_431982,46444.152
COL_431990,36088.35
COL_432077,46727.535
COL_432104,30830.562
COL_432105,30331.584
COL_432272,32603.467
COL_432283,38096.938
COL_432319,41837.723
COL_432320,40337.086
COL_432332,37375.723
COL_432333,44098.312
COL_432412,123009.734
COL_432415,33694.73
COL_432420,44616.926
COL_432640,54229.02
COL_432644,28048.049
COL_432646,49847.348
COL_432755,164944.84
COL_433016,62793.41
COL_433137,46920.695
COL_433206,64202.414
COL_433218,34305.434
COL_433381,54733.324
COL_433499,28062.055
COL_433501,51320.133
COL_433595,55385.203
COL_434015,53372.746
COL_434023,35153.664
COL_434027,43057.453
COL_434046,149733.16
COL_434082,169987.62
COL_434097,49390.43
COL_434119,46495.227
COL_434214,38305.05
COL_434303,52190.81
COL_434319,43276.64
COL_434320,38539.273
COL_434338,51484.215
COL_434431,45967.61
COL_434434,45141.33
COL_434601,47899.855
COL_434621,49787.58
COL_434651,42305.164
COL_434686,27938.65
COL_434771,44602.477
COL_434823,54378.492
COL_434848,44885.89
COL_434871,26653.01
COL_435108,53617.902
COL_435148,46458.383
COL_435225,45258.176
COL_435332,139647.58
COL_435436,48540.523
COL_435657,56419.156
COL_435665,48850.203
COL_435718,153722.72
COL_435759,37128.71
COL_435887,39770.605
COL_435996,219979.78
COL_435997,42523.062
COL_436077,86629.08
COL_436085,82120.42
COL_436126,49123.14
COL_436133,38956.734
COL_436154,54045.406
COL_436195,42384.66
COL_436277,46500.625
COL_436336,50876.79
COL_436344,41640.15
COL_436422,54098.977
COL_436438,31871.168
COL_436469,53223.92
COL_436574,43159.945
COL_436582,30482.562
COL_436675,46597.777
COL_436712,34388.836
COL_436721,69485.59
COL_436732,97350.57
COL_436758,49072.043
COL_436969,45178.85
COL_437029,93866.44
COL_437045,52902.71
COL_437048,37920.39
COL_437102,85168.414
COL_437108,33991.766
COL_437131,81418.5
COL_437150,68750.22
COL_437151,68703.88
COL_437153,68314.73
COL_437154,68406.055
COL_437155,68762.79
COL_437156,68722.22
COL_437157,68671.836
COL_437186,54142.355
COL_437187,45509.47
COL_437195,49933.234
COL_437280,47572.188
COL_437358,162164.25
COL_437384,59390.086
COL_437385,85602.42
COL_437386,90345.16
COL_437455,34781.73
COL_437456,43265.184
COL_437610,38561.582
COL_437874,33918.96
COL_437881,46470.65
COL_437949,33527.316
COL_437953,48895.6
COL_437972,47796.586
COL_437999,60572.33
COL_438013,71221.51
COL_438024,57676.336
COL_438136,38753.51
COL_438164,144170.97
COL_438343,61827.805
COL_438424,41091.7
COL_438451,31022.414
COL_438458,59941.297
COL_438466,125949.31
COL_438470,54837.125
COL_438603,50099.348
COL_438755,241223.88
COL_438836,47969.33
COL_438853,79384.39
COL_438878,61156.406
COL_438979,54152.24
COL_439032,32786.54
COL_439248,53302.1
COL_439348,76872.11
COL_439366,57920.984
COL_439375,50216.516
COL_439448,86010.07
COL_439463,43665.85
COL_439473,71921.66
COL_439546,49523.27
COL_439560,35611.516
COL_439603,52578.637
COL_439708,50162.855
COL_439738,45357.223
COL_439739,47751.797
COL_439741,55964.19
COL_439746,63759.715
COL_439755,47788.844
COL_439868,39521.37
COL_439909,60332.95
COL_439912,43512.25
COL_439941,47977.438
COL_440220,36033.984
COL_440226,67991.125
COL_440257,48030.02
COL_440262,40854.047
COL_440318,54084.67
COL_440336,49498.71
COL_440347,51779.273
COL_440618,45013.484
COL_440788,57481.523
COL_440831,32659.95
COL_440889,48111.004
COL_440892,66547.61
COL_440903,52727.125
COL_441033,49684.117
COL_441069,46970.08
COL_441100,42759.133
COL_441105,47796.785
COL_441129,45450.44
COL_441133,50305.11
COL_441162,66510.75
COL_441185,46555.242
COL_441203,49215.586
COL_441213,51303.457
COL_441222,45321.066
COL_441256,41035.22
COL_441291,44721.4
COL_441499,52370.54
COL_441556,49517.63
COL_441659,49551.156
COL_441695,50284.035
COL_441725,42247.54
COL_441852,32677.457
COL_441872,320906.22
COL_441885,40390.42
COL_441886,47868.004
COL_441887,38550.555
COL_441968,45192.61
COL_442042,111930.28
COL_442088,40994.35
COL_442218,58208.695
COL_442223,35660.418
COL_442404,36717.887
COL_442430,46054.42
COL_442436,55159.547
COL_442660,46752.938
COL_442689,46823.523
COL_442736,40024.42
COL_442849,59740.133
COL_442859,45376.715
COL_442896,71527.75
COL_442899,67325.72
COL_442969,72063.46
COL_443027,94329.08
COL_443075,48814.664
COL_443076,55597.035
COL_443086,51491.96
COL_443087,54906.94
COL_443105,51258.582
COL_443174,41479.492
COL_443215,46616.848
COL_443224,51839.547
COL_443260,44999.85
COL_443261,39755.035
COL_443353,87898.74
COL_443381,51633.484
COL_443604,216674.27
COL_443605,170931.86
COL_443606,215556.39
COL_443644,49747.4
COL_443699,27352.082
COL_443721,51821.03
COL_443797,44483.273
COL_443798,55914.12
COL_444056,54339.344
COL_444127,26653.99
COL_444137,35832.46
COL_444163,57911.5
COL_444190,51591.652
COL_444262,54845.53
COL_444332,33240.504
COL_444379,45741.93
COL_444406,65517.695
COL_444612,23298.916
COL_444615,158581.25
COL_444634,36951.4
COL_444659,23871.438
COL_444707,110184.266
COL_444834,77137.484
COL_444936,49048.734
COL_445000,48720.47
COL_445091,34294.746
COL_445127,255581.98
COL_445191,46881.66
COL_445218,48145.434
COL_445268,189109.8
COL_445304,62391.793
COL_445315,37064.508
COL_445336,46647.39
COL_445547,50499.133
COL_445578,49857.758
COL_445661,46768.61
COL_445664,86563.12
COL_445689,44049.816
COL_445693,51050.43
COL_445738,151014.28
COL_445749,57341.9
COL_445753,53080.523
COL_445754,33866.375
COL_445756,38084.594
COL_445780,60526.156
COL_445795,39781.5
COL_445839,45201.49
COL_445871,72475.05
COL_445928,22060.203
COL_446061,44499.03
COL_446070,86217.766
COL_446108,73376.79
COL_446174,67511.484
COL_446228,46706.55
COL_446244,34967.03
COL_446347,40192.39
COL_446363,45139.36
COL_446584,50390.21
COL_446585,50385.14
COL_446586,50376.234
COL_446587,50717.836
COL_446588,50731.75
COL_446615,48223.42
COL_446800,44270.508
COL_446838,58273.71
COL_446853,51722.54
COL_446909,32307.355
COL_446917,37104.344
COL_446918,37168.61
COL_446919,36622.72
COL_446920,37615.055
COL_446924,32449.262
COL_447009,74814.92
COL_447084,63675.535
COL_447134,36892.36
COL_447200,68203.22
COL_447278,26279.492
COL_447297,47567.17
COL_447310,41214.68
COL_447346,41369.543
COL_447394,109482.86
COL_447395,54324.453
COL_447397,48472.41
COL_447412,56616.99
COL_447424,46900.79
COL_447434,49340.242
COL_447435,55245.773
COL_447436,59643.695
COL_447437,58564.98
COL_447438,59641.5
COL_447439,46645.6
COL_447440,56351.137
COL_447441,58135.656
COL_447442,58298.844
COL_447443,58125.117
COL_447444,57238.49
COL_447445,51111.6
COL_447446,35603.676
COL_447477,38394.9
COL_447514,86738.26
COL_447614,42929.277
COL_447615,42929.277
COL_447642,45896.383
COL_447650,78204.89
COL_447671,76301.805
COL_447672,76236.22
COL_447698,154431.45
COL_447719,36041.91
COL_447739,82948.9
COL_447865,41710.883
COL_447932,83072.055
COL_447950,45337.273
COL_447973,104218.14
COL_448004,49211.727
COL_448005,49457.31
COL_448006,50015.387
COL_448007,47220.86
COL_448008,49458.28
COL_448009,34662.656
COL_448010,40655.914
COL_448011,49401.53
COL_448017,45164.54
COL_448081,34538.613
COL_448229,82775.45
COL_448288,45343.953
COL_448328,40378.812
COL_448412,60496.61
COL_448444,248552.0
COL_448461,47464.266
COL_448500,44517.14
COL_448541,65433.484
COL_448542,54034.57
COL_448543,54075.457
COL_448547,50772.28
COL_448598,196896.25
COL_448757,42539.38
COL_448763,52446.37
COL_448835,48480.984
COL_448853,60332.547
COL_448947,50718.445
COL_449012,42924.023
COL_449016,41378.42
COL_449024,57596.14
COL_449043,38088.246
COL_449090,50667.844
COL_449146,37792.734
COL_449216,50910.742
COL_449293,65706.39
COL_449311,47195.797
COL_449349,39065.51
COL_449389,49227.65
COL_449497,45910.504
COL_449515,42574.61
COL_449522,42854.477
COL_449526,35622.16
COL_449528,43359.16
COL_449532,33108.67
COL_449536,38236.566
COL_449588,35757.32
COL_449592,56121.348
COL_449811,204992.34
COL_449907,51602.36
COL_449939,63447.65
COL_450017,43684.37
COL_450118,132739.95
COL_450161,44989.965
COL_450164,44716.758
COL_450185,86914.34
COL_450237,34237.426
COL_450271,52745.793
COL_450347,46067.96
COL_450351,42662.35
COL_450523,35934.066
COL_450578,32900.297
COL_450609,50494.684
COL_450632,40896.234
COL_450739,42433.086
COL_450740,37007.47
COL_450800,73125.86
COL_450807,48229.67
COL_450863,48935.156
COL_451021,49896.992
COL_451022,51370.83
COL_451120,45263.23
COL_451222,47611.52
COL_451337,30456.742
COL_451353,41967.477
COL_451357,43079.223
COL_451366,44412.926
COL_451424,53287.52
COL_451493,53012.58
COL_451570,44007.58
COL_451580,49249.31
COL_451581,48650.535
COL_451744,50876.305
COL_451780,39686.723
COL_451858,43052.61
COL_451866,54269.523
COL_451867,55081.64
COL_451876,55048.375
COL_451882,28744.973
COL_451949,51089.758
COL_452035,53172.875
COL_452047,34731.45
COL_452048,61549.03
COL_452145,50557.246
COL_452284,39432.836
COL_452285,54939.008
COL_452313,82472.35
COL_452342,35731.77
COL_452469,37176.6
COL_452492,70240.805
COL_452515,49949.773
COL_452536,45509.46
COL_452555,58659.03
COL_452731,54607.1
COL_452765,45744.58
COL_452800,44453.855
COL_452849,56693.195
COL_452871,50773.84
COL_452912,54815.3
COL_452934,49326.32
COL_453175,74337.695
COL_453176,64007.703
COL_453182,72514.49
COL_453204,51200.16
COL_453205,51174.2
COL_453213,44990.824
COL_453228,41837.69
COL_453378,64744.812
COL_453382,42453.684
COL_453391,38332.004
COL_453406,34845.656
COL_453662,51552.0
COL_453691,42134.61
COL_453739,68802.15
COL_453800,45813.918
COL_453871,42356.812
COL_453991,46909.55
COL_453992,51062.3
COL_453993,37604.61
COL_453994,38922.176
COL_453995,38815.098
COL_453996,46159.746
COL_453997,47741.414
COL_453998,44123.58
COL_453999,42477.69
COL_454000,56269.176
COL_454001,55829.758
COL_454002,57069.93
COL_454003,57022.887
COL_454004,56888.23
COL_454005,43045.113
COL_454022,48082.7
COL_454023,47423.39
COL_454069,142590.28
COL_454085,46364.266
COL_454096,36379.414
COL_454109,78380.24
COL_454110,53505.89
COL_454132,52501.453
COL_454285,43219.805
COL_454306,58480.64
COL_454307,58456.195
COL_454308,58448.57
COL_454309,58292.406
COL_454310,37814.742
COL_454422,52086.875
COL_454493,54084.38
COL_454637,54597.277
COL_454727,45270.41
COL_454740,33106.316
COL_454753,44319.355
COL_454768,36164.07
COL_454799,53042.258
COL_455089,30803.656
COL_455212,46836.594
COL_455261,50800.508
COL_455381,49445.766
COL_455397,50954.227
